Comic Name,
Future State: Batman/Superman #1 (2021),
Future State: Batman/Superman #2,
Future State: The Next Batman #1 (2021),
Future State: The Next Batman #2,
Future State: The Next Batman #3,
Future State: The Next Batman #4,
Future State: Robin Eternal #1 (2021),
Future State: Robin Eternal #2,
Future State: Harley Quinn #1 (2021),
Future State: Harley Quinn #2,
Future State: Nightwing #1 (2021),
Future State: Nightwing #2,
Future State: Catwoman #1 (2021),
Future State: Catwoman #2,
Future State: Dark Detective #1 (2021),
Future State: Dark Detective #2,
Future State: Dark Detective #3,
Future State: Dark Detective #4,
Future State: The Flash #1 (2021),
Future State: The Flash #2,
Future State: Teen Titans #1 (2021),
Future State: Teen Titans #2,
Future State: Shazam! #1 (2021),
Future State: Shazam! #2,
Future State: Suicide Squad #1 (2021),
Future State: Suicide Squad #2,
Future State: Aquaman #1 (2021),
Future State: Aquaman #2,
Future State: Superman of Metropolis #1 (2021),
Future State: Superman of Metropolis #2,
Future State: Superman: Worlds at War #1 (2021),
Future State: Superman: Worlds at War #2,
Future State: Green Lantern #1 (2021),
Future State: Green Lantern #2,
Future State: Justice League #1 (2021)
Future State: Justice League #2
Future State: Kara Zor-el, Superwoman #1 (2021
Future State: Kara Zor-el, Superwoman #
Future State: Wonder Woman #1 (2021)
Future State: Wonder Woman #2
Future State: Superman vs. Imperious Lex #1 (2021)
Future State: Superman vs. Imperious Lex #2
Future State: Superman vs. Imperious Lex #3
Future State: Superman/Wonder Woman #1 (2021)
Future State: Superman/Wonder Woman #2
Future State: Legion of Super-Heroes #1 (2021)
Future State: Legion of Super-Heroes #2
Future State: Superman: House of El #1 (2021)
Future State: Swamp Thing #1 (2021)
Future State: Swamp Thing #2
Future State: Immortal Wonder Woman #1 (2021)
Future State: Immortal Wonder Woman #2
